latitude,longitude,rainfall_1h_mm,rainfall_6h_mm,rainfall_24h_mm,rainfall_7d_mm,temperature_c,humidity_percent,elevation_m,slope_degree,aspect_degree,historical_landslide_count,landslide_occurred
9.47056,74.80359,11.93,35.45,40.04,411.65,29.78,79.31,727.39,21.67,322.29,0,0
23.42408,96.47958,1.3,24.21,50.13,292.65,27.85,92.02,4147.11,8.59,137.59,1,0
24.32733,93.99207,0.72,14.9,39.14,396.19,23.96,63.8,2873.65,32.28,251.02,0,1
19.59989,89.6693,13.57,37.27,50.61,183.69,25.86,49.72,260.73,34.4,124.55,2,1
25.61282,95.50567,8.57,31.8,96.77,300.86,30.87,51.89,229.8,45.93,330.74,0,0
29.75934,69.41975,1.06,24.3,154.15,292.17,5.71,83.35,813.73,29.25,298.94,2,1
16.69093,91.2661,5.13,18.52,119.55,322.15,16.49,84.77,3506.96,7.61,281.52,1,0
12.77473,96.9521,6.2,21.69,64.61,226.14,25.99,74.49,3559.0,17.75,282.41,0,0
17.84087,68.77526,8.49,20.36,33.38,136.67,29.89,46.25,3236.52,37.58,12.57,5,0
17.27025,73.6183,19.54,72.69,125.84,235.64,0.05,45.38,1643.69,19.76,147.04,0,0
26.02053,92.66082,8.51,31.71,84.01,346.89,33.24,65.03,3332.58,18.35,349.74,3,1
28.71058,91.09196,4.68,14.15,42.62,192.39,19.54,49.88,1029.27,19.56,19.95,0,0
9.34661,96.31911,11.52,31.81,81.64,232.81,9.76,59.46,1058.06,43.69,147.41,1,1
8.12249,82.85911,10.2,23.16,61.53,218.07,24.96,73.01,4174.4,29.04,7.57,0,1
31.45516,86.79309,1.39,26.11,56.48,160.92,17.9,71.93,1505.94,5.81,132.78,0,0
16.22005,94.56105,5.42,45.29,84.64,289.26,24.63,83.77,2158.33,14.31,242.06,1,0
11.46264,79.98579,5.56,13.29,34.93,63.47,2.0,74.9,1526.89,33.98,343.16,1,0
8.23764,81.40706,9.74,25.81,43.64,302.69,18.27,50.69,1710.01,31.75,94.98,3,0
28.76603,71.72652,10.7,29.86,78.88,220.16,27.63,43.76,547.03,14.55,3.06,0,0
23.41032,94.43709,22.87,35.44,156.74,218.25,33.03,92.85,1824.52,22.36,274.02,1,0
21.72834,92.91129,2.41,17.11,35.09,293.04,20.61,71.28,2087.45,24.4,26.78,1,0
24.35797,71.9721,4.27,5.65,45.87,159.32,2.26,81.05,3429.88,25.68,219.43,3,0
12.66891,78.3979,6.21,11.56,70.61,279.69,9.86,79.43,1081.05,11.56,186.51,2,0
27.77408,95.98647,14.53,50.73,162.23,350.8,15.38,96.97,2851.95,27.04,325.86,0,1
18.46923,72.44509,4.7,18.52,66.09,311.42,32.39,91.99,3973.73,10.89,75.5,1,0
31.39588,88.45393,17.41,20.32,80.44,147.78,17.99,47.0,1650.01,27.58,214.84,3,0
11.47164,93.26441,8.24,35.84,84.62,229.84,20.33,66.28,2758.33,22.64,158.16,1,1
19.21089,69.8455,37.46,75.53,96.27,389.68,0.74,56.76,2777.43,21.4,78.94,0,0
29.34704,80.89152,11.84,23.71,55.83,178.7,26.06,56.31,3638.05,25.78,50.32,0,0
30.46132,89.78341,1.82,51.18,139.86,289.69,18.84,61.14,3914.91,41.93,111.41,2,1
34.72388,71.45069,3.87,9.75,66.35,325.14,6.02,58.02,4044.78,42.3,192.96,0,1
9.51459,94.21332,18.73,41.45,84.77,144.85,14.88,41.89,1435.42,9.43,329.75,0,0
35.41141,73.11702,26.69,63.52,96.31,207.75,15.49,96.35,1162.36,18.41,301.84,1,0
12.32357,89.27576,12.36,23.29,67.9,292.68,-1.83,40.32,2762.4,33.06,0.42,2,0
35.52941,91.37102,9.9,55.47,74.37,170.72,19.88,74.16,2664.07,32.35,184.85,7,1
33.64444,72.22937,20.91,35.63,42.14,159.19,33.86,41.37,3378.29,9.81,90.71,1,0
31.71289,71.26712,23.75,65.54,127.42,382.42,3.43,66.92,721.5,14.99,304.14,0,1
22.18977,84.45299,12.58,42.79,136.11,272.6,3.16,95.78,2707.46,48.16,84.45,0,1
12.05079,96.99338,1.33,17.85,61.68,234.82,19.49,53.16,2261.79,34.76,28.3,0,1
33.6357,85.22646,5.35,10.82,44.51,255.58,23.24,71.39,723.32,20.97,208.08,2,0
18.42922,93.43347,1.67,33.72,62.63,223.88,3.61,80.52,279.91,38.56,121.74,0,0
34.96633,84.10824,16.68,71.96,114.15,178.26,29.72,72.76,3079.82,24.29,307.96,1,0
11.67026,78.51696,1.65,20.85,81.69,257.7,3.47,58.74,1193.66,29.2,231.63,0,1
29.47521,88.55437,4.26,16.59,53.07,146.19,22.24,45.35,2928.96,9.32,282.57,1,0
33.0559,85.27365,1.48,17.17,31.32,288.63,12.05,54.47,973.44,44.13,77.5,0,1
8.05346,88.69652,29.73,43.78,66.28,403.17,9.79,53.34,2452.83,16.28,99.49,1,0
27.75486,69.90921,4.18,17.43,33.24,271.72,8.51,54.2,3135.01,20.0,296.98,1,0
13.72074,91.56262,4.22,21.1,126.0,238.02,5.26,88.25,1160.6,29.9,91.36,0,1
29.357,77.33307,60.13,63.7,108.3,506.51,12.86,92.51,102.45,20.34,32.39,0,1
10.25678,81.56046,21.06,34.51,82.72,335.66,32.6,72.2,1240.25,55.88,306.71,0,1
28.4927,93.32623,23.62,68.5,136.32,252.05,16.73,83.44,2467.28,36.04,269.09,1,1
28.04091,90.09668,0.87,21.52,53.79,330.07,5.2,80.4,3152.42,50.14,127.36,3,1
13.92903,83.30126,1.34,32.12,73.32,217.28,4.18,56.79,738.98,31.82,149.37,3,0
33.85926,72.10099,22.2,96.82,198.25,528.88,-0.43,68.77,611.86,37.42,195.23,4,1
10.84631,71.69787,18.74,62.37,104.78,192.28,32.86,75.73,3272.76,44.19,217.57,1,1
34.5853,80.57037,4.64,49.94,93.37,317.4,13.14,77.54,3797.34,5.7,105.69,0,0
8.77369,93.53324,9.73,76.39,138.58,289.03,15.72,61.98,4165.19,20.47,164.06,0,1
35.67322,72.93131,0.85,14.09,64.7,151.05,27.91,41.58,3888.59,19.64,125.96,0,0
17.72012,70.94355,7.23,16.76,74.7,142.2,29.03,94.17,4011.73,35.84,129.26,0,1
11.6484,89.97446,4.51,15.86,59.72,236.51,21.31,81.26,973.18,23.16,348.62,0,0
33.81983,82.96522,20.08,67.09,99.6,286.73,23.32,63.67,3667.38,18.18,147.16,0,1
11.06227,81.32837,15.37,19.59,108.59,222.15,33.08,96.22,3327.62,15.33,57.05,0,0
8.56158,72.41698,1.75,34.2,65.43,379.33,9.11,48.11,954.86,19.3,336.99,0,1
20.85235,82.6199,18.14,34.54,62.48,256.23,19.29,82.0,554.68,22.52,57.97,1,0
32.04769,68.17631,11.64,33.21,128.65,190.13,29.99,42.49,2934.47,27.96,262.53,0,1
16.31161,91.83899,5.48,54.03,87.75,363.73,23.34,52.83,3313.44,29.18,139.07,0,0
8.38325,84.67008,0.9,61.21,181.66,353.92,8.57,75.22,2749.82,27.01,306.78,0,1
33.96615,74.14709,10.99,23.9,52.4,401.57,8.24,71.91,1074.55,13.62,356.58,0,0
30.99933,70.45466,6.94,39.95,68.29,361.8,22.77,53.48,1373.29,31.87,4.74,0,1
25.38224,91.90465,28.12,41.16,117.58,319.8,8.13,82.17,2751.0,12.39,126.34,1,1
29.97576,83.65727,5.23,34.29,131.31,300.11,14.19,92.02,1720.47,22.81,309.91,0,0
26.00582,83.44936,28.85,31.18,79.45,158.99,21.95,86.24,294.62,50.53,143.35,1,1
28.82287,83.3473,10.91,22.25,80.02,327.11,31.53,54.89,770.78,29.47,326.79,0,1
12.62153,84.20492,12.14,51.73,97.97,290.48,4.74,98.39,2773.17,21.02,170.1,0,1
24.28508,91.25485,16.75,20.22,28.79,285.11,17.17,62.75,636.22,27.56,128.74,0,0
24.19488,86.42942,4.1,27.21,60.19,91.63,-1.12,97.26,2086.34,28.11,209.89,0,1
15.77383,70.72869,7.06,40.12,148.18,293.32,19.22,98.9,641.43,23.43,106.41,2,1
27.1092,74.08941,4.24,20.69,57.36,262.95,10.7,85.58,2350.23,39.79,99.11,1,1
33.70031,91.77354,3.49,40.71,109.61,211.1,-0.46,55.91,2014.74,32.88,223.53,0,1
35.40504,75.40522,9.68,15.25,47.94,406.15,27.86,95.49,1614.08,12.64,288.2,4,0
14.52877,96.61747,24.91,37.32,57.22,402.27,29.81,57.14,3283.97,5.19,227.59,2,0
22.66597,93.49397,4.0,16.59,47.35,159.73,3.36,87.63,1644.4,15.45,273.67,0,0
26.65941,81.29579,7.77,32.25,64.64,264.27,2.88,64.1,836.29,22.4,146.09,0,0
17.0189,83.08103,14.14,38.74,86.34,191.54,16.5,65.96,639.71,31.21,252.48,1,1
24.32515,73.95252,1.7,3.34,166.04,443.43,21.86,89.75,1082.47,30.14,102.41,2,1
22.55054,71.54623,10.5,40.74,85.84,263.48,12.62,90.01,988.86,32.57,34.04,0,1
20.40505,90.28565,1.24,27.42,35.69,154.1,6.54,93.25,2753.67,37.09,350.77,0,1
18.30039,93.22606,1.4,34.06,107.24,160.95,14.6,98.62,53.07,26.19,243.16,0,0
33.35106,90.51812,8.6,45.73,104.85,209.09,12.18,74.58,2352.11,36.39,3.28,0,0
17.60498,84.32852,4.34,20.14,36.36,213.65,21.32,72.99,3111.64,29.8,176.66,1,0
9.43659,86.30264,5.1,15.35,60.92,267.48,4.66,95.05,220.25,19.64,268.07,1,0
18.87735,71.28664,5.83,47.85,62.58,205.21,13.69,42.68,3342.97,35.32,13.4,0,0
9.48485,72.44655,13.95,32.74,124.98,223.28,1.47,72.8,756.05,29.94,175.26,0,1
25.58164,90.49657,19.59,40.76,95.0,448.29,23.13,80.75,560.4,49.48,324.73,1,1
11.25103,75.49064,5.56,9.47,18.24,348.32,7.96,97.91,3059.08,20.8,257.16,1,1
27.23577,71.35892,8.6,98.55,200.08,321.17,11.19,46.37,654.76,27.36,20.21,0,0
18.77348,74.38009,3.64,58.47,148.97,261.36,8.29,45.86,451.72,10.81,341.34,1,0
24.94119,75.33708,8.04,10.91,42.44,125.85,33.2,89.45,1737.05,31.08,92.12,0,0
25.8011,81.01256,24.33,62.29,133.54,385.76,25.84,40.35,3658.88,30.93,202.15,0,0
30.61729,93.65286,11.44,31.85,92.45,272.83,12.47,95.95,2429.5,17.23,348.34,1,0
19.78697,73.59529,9.91,32.68,142.41,361.58,12.23,53.93,1570.81,26.65,74.53,3,1
22.67906,68.93781,5.09,23.18,64.41,183.74,-1.72,91.49,1034.58,29.24,102.84,2,1
35.55619,77.96834,0.49,18.15,35.45,133.11,18.2,87.69,2387.98,23.49,169.55,0,0
14.45823,85.59795,15.52,30.65,54.14,236.4,8.5,71.92,2741.69,32.5,71.6,2,1
23.94384,85.37714,5.51,18.23,71.47,160.01,6.95,89.33,2662.38,21.4,26.29,0,0
24.76655,83.36574,16.65,68.54,126.89,307.91,9.65,43.66,4115.04,25.46,311.94,3,1
25.06731,74.04643,20.47,37.43,93.55,141.22,33.15,73.21,4069.5,25.99,155.86,1,1
21.47824,72.15455,8.1,38.45,114.31,372.61,23.31,70.88,3755.85,28.51,263.49,0,1
14.54181,96.49585,4.27,10.27,29.93,160.87,22.04,74.52,2586.25,39.08,133.95,1,0
8.54501,76.14794,18.46,43.31,163.99,314.87,9.2,62.8,2769.76,25.93,308.61,0,1
27.79719,83.85121,3.81,59.39,85.55,193.07,0.01,96.34,847.91,30.65,85.25,0,0
15.74852,89.40936,8.98,16.67,37.96,225.05,30.59,67.8,783.78,29.8,335.61,0,0
12.58595,81.74487,18.44,90.32,140.25,477.25,2.45,88.69,1487.48,22.3,200.19,1,1
24.13585,91.4713,14.47,28.9,67.54,223.6,10.09,87.42,3534.8,48.49,71.67,0,1
15.92762,92.90652,17.79,29.72,41.83,174.63,19.34,98.45,1212.77,38.18,150.62,0,1
15.46505,74.912,6.72,22.75,185.11,312.54,25.92,71.31,4038.89,35.49,197.09,0,1
13.20174,80.49498,7.05,24.34,37.55,184.76,33.15,67.23,1113.96,26.93,259.32,0,0
27.29001,91.23848,9.97,44.47,90.25,180.58,1.04,69.7,313.25,37.65,161.54,1,1
18.33644,92.66369,18.85,25.13,81.57,187.35,1.24,79.75,953.47,25.83,129.51,0,0
30.11983,96.3248,1.46,26.48,49.72,211.88,18.3,87.15,2324.73,21.95,309.02,0,0
18.56674,83.78926,9.28,15.52,55.83,156.52,14.73,75.26,2787.3,44.63,95.23,1,1
11.74151,85.97451,0.87,20.63,90.34,219.87,3.42,79.76,1580.88,24.1,249.04,0,0
26.59864,86.79925,7.88,32.64,67.03,369.41,8.99,76.6,1408.26,40.31,112.93,0,1
20.27724,77.69611,6.68,31.29,69.72,259.5,2.52,44.98,2223.55,19.37,331.42,0,0
24.14689,79.92936,7.08,32.04,45.92,275.67,-0.09,93.66,354.53,56.83,330.54,0,1
15.08254,83.69395,2.4,17.2,35.06,217.67,20.7,84.04,4039.99,4.02,219.86,0,0
26.23932,82.3179,23.22,44.42,50.62,193.28,25.13,46.63,2011.17,3.07,46.31,0,0
11.1315,96.62146,5.35,20.34,46.43,229.58,9.17,47.08,2063.2,29.69,199.27,1,1
21.30808,68.05753,7.37,48.32,54.52,168.88,33.57,65.9,1395.58,6.43,36.19,0,0
13.52535,86.4485,28.66,53.46,80.82,322.6,7.0,43.51,2841.01,43.63,56.07,5,1
27.03644,68.45205,30.94,51.85,159.35,283.78,12.5,40.72,177.44,34.84,28.61,0,1
18.51951,79.21665,0.28,21.27,64.39,242.51,5.76,72.43,3519.35,37.21,14.3,3,1
35.53884,71.7399,17.83,43.82,73.84,139.04,30.98,94.82,3366.41,25.42,232.5,0,0
10.64018,69.89426,1.21,8.25,57.09,431.37,1.65,98.52,1736.12,6.86,288.74,1,0
23.29396,95.43937,16.69,44.9,97.23,132.77,30.43,62.73,1243.54,22.23,198.36,1,1
11.70764,90.27171,3.83,39.28,145.46,267.54,14.1,86.0,970.42,21.21,217.97,0,1
29.38157,75.9767,6.59,120.53,132.76,326.64,17.27,92.58,3530.81,31.4,7.49,0,1
26.08467,79.36544,10.25,66.97,80.59,219.55,1.88,94.92,2047.1,12.42,238.25,0,1
14.03534,74.43037,13.67,41.73,49.54,253.64,6.38,44.28,57.86,2.69,339.94,0,0
18.14928,72.41794,29.29,77.33,114.0,178.18,10.2,59.78,1571.96,30.59,95.89,0,1
31.83077,68.67132,1.26,58.12,125.79,224.47,24.96,59.07,3335.99,31.8,11.74,2,1
20.91934,92.57978,10.52,49.99,102.5,399.34,4.12,44.01,2168.46,26.02,8.63,0,0
15.98712,88.16513,7.22,12.79,50.94,347.59,32.13,58.22,773.27,21.92,261.38,3,1
27.34904,87.15803,10.84,13.84,44.17,200.25,25.73,76.83,1259.55,43.38,9.3,0,1
11.23153,79.43396,6.47,23.79,62.73,226.26,31.68,75.15,2331.84,26.36,251.69,0,1
25.92662,77.17918,6.3,10.21,33.68,201.8,6.55,94.47,764.28,37.72,347.44,0,1
11.01003,92.6946,16.19,79.06,200.1,282.1,26.82,90.08,255.7,23.95,171.2,0,1
25.67568,89.22399,6.96,14.61,69.77,288.95,6.44,92.3,1519.1,28.71,343.92,2,0
17.39802,81.95726,12.23,22.29,64.53,218.14,10.44,47.39,2585.74,20.83,234.56,0,0
30.79306,77.69603,19.5,27.05,180.89,298.77,10.18,73.14,491.34,12.04,325.2,2,1
34.10846,70.92284,6.23,32.26,65.21,269.29,18.62,95.0,1546.44,48.57,277.99,0,1
16.12972,69.30031,30.51,62.03,117.87,269.27,28.62,90.82,232.91,37.89,328.5,1,1
12.47213,89.52843,7.53,44.22,72.72,170.29,21.51,97.52,2932.27,20.54,64.58,7,0
10.72453,70.31991,14.89,38.76,61.82,223.94,6.52,65.85,2593.06,46.91,150.8,2,1
12.44782,72.58007,9.71,25.49,67.39,287.36,21.03,96.64,22.97,13.84,110.17,1,1
17.47091,87.65251,5.07,11.3,39.44,152.04,13.97,47.66,1912.06,30.07,212.9,0,0
28.56274,72.11391,3.55,27.35,138.35,416.64,20.02,43.79,3478.23,22.69,173.79,3,1
35.81005,89.1834,7.51,37.97,114.91,317.2,8.27,63.31,1892.2,14.17,151.8,0,0
12.34865,72.70711,2.45,15.62,60.76,266.94,-0.18,56.26,3375.92,11.1,0.55,1,0
14.26818,68.13158,10.02,59.78,67.08,322.87,8.9,54.93,3774.01,37.63,103.14,1,1
13.04729,91.22413,5.13,54.35,154.63,434.16,3.25,67.82,3187.79,40.66,312.7,1,1
25.14515,77.3716,4.53,16.24,41.71,269.0,26.98,71.29,2698.48,28.73,217.03,0,1
27.62916,86.82105,3.85,38.66,95.75,323.21,23.75,65.49,3035.02,41.83,146.64,2,1
28.28517,73.94865,38.95,59.64,101.43,300.08,24.11,58.31,977.92,8.11,263.01,0,0
24.40712,90.33617,2.52,4.96,40.52,105.9,4.11,51.06,2866.26,16.47,310.68,1,0
9.01922,91.62333,5.04,10.13,52.36,330.89,4.42,88.1,806.13,36.16,290.92,1,0
35.95304,85.85264,8.3,18.92,141.18,279.04,23.34,53.04,1403.89,12.2,163.01,1,0
21.41924,95.3778,20.94,34.91,60.86,348.83,16.61,85.96,770.6,29.36,32.86,1,1
16.01265,89.29637,18.98,33.61,64.08,273.93,-1.38,74.46,1857.24,32.76,287.49,1,1
25.33428,76.25808,1.92,24.78,72.28,335.4,15.57,53.91,3658.81,26.18,22.5,5,0
20.00201,82.09864,7.08,15.53,19.3,103.34,19.11,98.4,3827.28,19.53,73.0,0,0
22.2622,68.85708,58.87,85.62,109.55,154.97,14.11,49.3,2845.6,41.28,312.94,0,1
19.27345,88.92074,16.67,26.43,84.68,138.72,22.61,83.08,3137.69,21.73,219.26,2,1
33.85698,69.82864,1.73,12.83,20.99,73.98,20.08,38.34,2283.67,30.64,321.57,5,1
29.13455,92.90532,1.37,66.24,71.79,116.29,31.05,85.02,1174.21,20.93,334.37,0,0
29.2437,90.12108,6.0,39.26,48.89,183.58,-0.35,87.91,3494.12,37.05,192.49,0,0
20.45181,94.15736,28.38,31.94,147.08,463.64,31.47,90.28,2559.99,35.01,297.4,0,1
31.60779,82.77416,16.1,25.06,99.65,216.58,14.07,97.18,1129.24,18.44,66.36,1,1
22.80602,68.99708,8.51,34.69,80.94,144.31,28.7,85.19,658.56,19.54,85.38,1,0
34.03362,73.90077,10.07,30.05,46.49,284.85,11.12,53.19,1184.8,15.16,224.69,0,0
8.97914,88.1038,14.28,25.83,76.78,306.93,33.97,44.86,610.09,10.95,75.72,6,1
30.47799,77.27885,12.86,13.56,59.46,379.73,16.23,84.36,3273.35,37.55,182.04,0,1
16.93724,92.86434,4.42,25.13,99.42,305.32,7.86,54.73,3269.35,36.7,130.74,0,1
29.77472,80.14683,5.33,18.87,50.21,253.19,31.28,68.9,3550.05,15.44,147.74,3,1
15.07008,95.02005,6.54,14.31,66.91,109.28,14.86,91.09,3040.9,30.84,28.79,0,1
33.94222,95.73095,4.47,31.06,99.66,212.85,13.15,71.62,1527.29,25.88,313.77,2,1
17.88873,87.17932,21.35,40.12,157.31,288.07,32.61,96.21,1457.06,29.04,143.87,2,1
9.27665,79.80314,3.82,16.94,43.52,140.64,7.72,93.91,700.12,25.85,327.58,1,0
33.48946,79.30406,22.54,30.67,50.11,344.3,6.16,45.09,4142.58,35.66,182.26,0,1
33.66351,75.36753,11.23,22.95,59.72,301.1,17.42,81.26,2951.08,7.76,80.96,4,0
25.65051,85.11325,21.06,37.11,227.1,367.81,5.49,65.61,2357.24,31.49,178.91,0,1
31.4237,76.44246,6.17,21.05,60.92,164.48,8.66,96.99,1097.54,29.55,66.96,4,0
16.23543,79.07779,5.33,35.82,104.12,185.61,21.29,91.27,1940.7,37.9,10.14,0,1
17.5279,96.35104,21.58,81.36,97.6,177.74,5.55,55.12,1975.1,18.42,80.16,0,0
21.52786,81.99389,23.53,41.42,76.38,134.73,15.6,50.4,2531.56,3.73,3.47,0,0
32.71821,73.06551,21.68,29.45,51.9,118.51,15.2,73.85,859.36,35.87,153.99,3,1
25.42208,81.24846,5.72,28.0,53.91,204.1,2.93,39.17,1792.85,41.97,319.73,2,0
35.70249,84.98776,0.7,99.13,139.01,581.44,3.11,56.44,4154.2,54.93,284.32,1,1
21.40606,69.69023,4.79,22.92,76.96,98.19,15.65,64.86,927.71,28.44,106.45,3,0
25.11194,79.60302,1.24,15.76,88.45,355.43,24.33,85.09,1584.46,54.45,266.53,0,1
8.58345,69.60074,12.85,20.33,24.5,432.72,23.14,71.38,3963.65,16.37,9.27,0,1
32.68699,88.09316,8.65,63.91,91.17,329.13,12.39,46.89,2643.71,28.37,218.17,1,1
22.41894,73.26124,14.74,41.57,74.1,241.34,2.46,43.9,3158.34,34.12,137.63,1,1
35.05496,78.49649,16.11,21.15,35.23,68.81,25.02,50.81,592.3,20.65,306.32,2,0
22.95103,88.04272,1.13,12.68,30.41,113.29,28.71,44.57,3125.14,46.15,308.87,0,0
10.29769,75.29447,3.41,18.68,128.27,229.2,31.48,42.87,222.06,33.58,62.85,2,1
32.85682,81.45062,10.63,35.87,104.84,329.35,19.01,68.28,3218.55,36.46,79.83,0,1
31.56258,73.64109,5.44,10.64,22.81,242.17,33.0,87.68,3737.97,13.65,175.88,0,0
9.76716,94.0467,9.73,27.09,61.34,299.75,33.51,88.53,1592.12,47.52,313.66,0,1
27.18596,91.8816,5.42,30.91,105.03,337.87,13.94,49.21,3465.55,40.67,42.1,0,1
25.98608,71.60969,3.75,22.48,44.93,177.85,27.18,38.49,2858.45,5.27,49.83,3,0
11.20197,93.76167,29.44,60.03,112.07,214.35,11.87,73.69,3341.18,36.46,312.03,0,1
20.68522,94.53075,12.14,75.15,99.25,126.65,6.31,82.23,988.06,28.48,74.0,0,1
33.89101,88.45232,0.88,3.72,102.46,184.57,6.11,50.54,129.69,13.87,119.43,1,0
14.39697,89.91364,29.78,32.0,108.89,351.78,11.19,42.89,905.78,25.1,58.02,0,0
31.71706,82.0645,3.52,21.44,83.0,180.82,27.93,87.87,477.2,24.92,235.9,1,0
10.6615,69.53538,5.21,40.95,85.36,236.9,11.9,82.54,1803.48,10.0,174.46,2,0
17.68913,90.46591,7.96,34.05,38.1,269.57,28.6,85.24,1408.4,21.66,36.28,2,1
27.5452,93.95543,8.71,26.11,104.55,316.18,-1.89,57.76,1153.78,43.46,57.59,0,1
28.18534,95.80542,10.54,53.8,64.69,124.32,23.93,48.71,3031.65,5.06,154.19,1,0
23.12772,94.77439,4.5,5.49,65.01,214.11,24.54,50.55,3575.01,26.72,264.0,1,1
33.0509,91.7896,12.54,56.62,82.57,159.43,12.01,73.0,592.56,32.21,272.34,3,1
28.78216,82.96395,2.73,20.16,52.62,225.38,-1.18,95.2,3381.43,8.35,198.71,1,0
35.21597,88.19423,1.16,45.57,81.36,313.06,17.02,56.85,2677.42,52.93,200.2,1,1
11.1699,73.09661,9.29,12.23,48.37,169.87,21.25,60.91,2559.47,43.55,160.89,0,1
14.29521,78.13847,12.73,26.28,68.33,398.98,0.24,55.29,3327.19,45.29,260.14,1,1
20.31123,87.28326,0.42,8.81,122.91,319.56,0.8,45.98,2682.09,33.55,324.31,0,1
19.32565,76.60429,11.71,17.07,106.04,310.44,15.05,52.12,2502.66,25.25,110.71,0,1
18.50239,73.6112,15.67,39.63,89.84,211.8,3.53,60.12,2309.73,28.06,244.76,0,0
14.4425,87.65756,0.73,25.99,131.02,222.69,33.13,51.93,590.03,30.32,85.6,2,1
14.16246,80.95886,3.92,36.74,92.46,189.72,23.88,64.8,4098.84,8.04,85.46,1,0
15.45081,83.89626,28.97,37.83,86.15,257.3,29.22,80.1,3506.23,41.27,254.75,0,0
30.72697,83.14347,17.78,42.98,97.65,194.99,11.18,60.34,3899.92,30.51,245.84,0,1
12.68291,77.41373,2.57,32.75,46.75,285.76,27.9,79.59,2832.07,28.78,130.28,0,1
34.91488,73.35757,2.9,14.75,135.63,246.9,26.6,52.6,4146.95,28.97,236.17,2,1
31.53859,72.81864,16.69,43.8,106.89,273.17,29.93,87.27,876.72,39.09,158.38,0,0
27.22654,88.40242,10.03,74.92,108.94,305.75,2.82,52.87,3824.49,45.74,341.94,2,1
32.20943,86.27124,5.15,18.18,184.72,507.16,4.11,57.19,1226.34,39.02,206.68,0,1
28.40301,85.93997,6.76,12.9,104.38,244.95,3.83,64.15,1877.99,27.04,71.96,0,1
28.65561,88.80007,25.56,100.82,148.01,272.39,29.18,38.14,3018.1,22.59,129.24,0,0
18.23433,69.92523,17.78,25.04,30.45,140.74,25.53,47.42,934.84,43.46,200.07,0,1
33.07895,87.28494,5.22,70.56,98.88,148.11,6.58,54.92,809.27,17.04,110.35,0,0
8.23576,82.98712,0.66,9.22,39.78,157.13,7.9,65.26,3635.96,37.32,307.09,0,0
15.30046,77.77672,1.47,26.23,97.85,188.35,32.88,65.73,2872.41,21.07,21.68,3,0
11.17566,72.80708,13.07,85.6,130.44,303.49,2.1,64.27,2366.98,50.3,187.43,0,1
11.00937,91.24345,24.72,43.83,57.72,109.67,22.03,61.38,2795.71,36.48,237.99,0,1
30.43215,90.85275,6.35,37.8,101.1,254.2,30.56,42.99,2843.8,20.07,221.04,1,1
33.03986,73.04466,4.89,15.62,47.07,173.29,24.75,93.13,3819.43,50.69,27.13,0,1
13.55963,78.29224,5.56,19.79,46.53,243.97,7.99,65.24,2968.9,13.56,36.91,0,0
13.38577,79.70331,2.28,10.03,171.56,297.85,0.66,63.86,539.59,42.37,284.12,0,1
17.65622,72.33317,9.73,36.63,96.28,155.49,5.17,44.08,110.46,27.78,84.74,1,1
8.44135,75.51099,3.56,38.75,101.59,128.05,26.19,74.38,1479.51,21.99,209.06,0,0
16.26354,86.85297,6.97,21.18,84.61,261.34,30.03,65.35,3898.33,51.34,32.94,2,1
32.20545,78.76873,4.88,14.91,130.25,141.38,24.2,86.48,2687.76,42.57,259.79,0,0
30.64084,70.85368,8.41,57.82,80.17,143.34,18.71,87.7,3767.73,31.5,329.56,3,1
12.43342,89.31711,23.72,84.11,105.34,496.11,30.87,55.04,769.01,32.1,18.48,1,1
15.73715,87.3327,3.2,37.75,140.05,314.0,28.64,63.43,2702.8,27.79,148.08,0,1
12.04274,91.89699,4.66,33.6,75.83,231.75,29.68,43.01,1358.41,32.13,138.98,2,0
21.64251,96.26462,15.39,17.01,54.86,159.92,29.22,56.04,1880.97,37.91,126.13,4,0
19.54837,75.00583,6.35,9.77,28.99,64.24,2.09,38.2,1158.36,30.92,273.54,3,0
8.36208,80.64699,12.45,40.96,136.59,283.29,8.49,80.74,991.39,52.46,0.74,0,1
33.20882,88.60217,10.27,23.43,40.39,334.23,16.62,76.62,3233.7,22.01,344.68,1,0
30.97497,89.31691,0.18,17.45,45.54,286.54,0.08,78.83,3685.37,12.96,288.43,0,0
32.2642,82.56087,5.57,86.49,137.28,223.47,17.49,93.79,3668.93,6.56,316.08,1,0
8.23284,90.1309,23.81,48.3,93.35,381.0,8.67,47.11,1861.48,12.04,145.3,4,0
18.06467,86.9777,0.48,17.35,127.17,254.71,25.28,75.5,433.89,38.23,328.87,0,1
26.49759,92.49298,7.6,27.07,36.12,95.95,13.1,93.06,3281.89,39.13,79.71,0,0
16.70496,81.02994,2.51,12.17,104.39,256.38,18.38,78.98,1288.02,24.02,123.67,0,1
10.08926,83.3203,34.77,49.08,74.58,237.43,3.93,42.79,758.59,43.04,105.82,0,1
24.5116,79.53854,24.09,68.4,95.73,240.96,33.78,80.21,3087.31,33.28,64.05,1,0
32.68427,93.09169,6.9,9.85,89.19,245.47,2.14,86.48,3017.6,28.14,153.6,0,1
13.67077,83.61326,14.84,32.42,82.61,258.41,30.01,73.49,2162.92,33.62,281.51,1,1
31.99227,73.2051,5.12,9.89,36.48,140.71,6.54,62.1,202.23,32.26,306.0,3,0
12.54761,90.17079,4.35,14.57,94.04,321.14,1.88,48.34,2036.23,28.29,272.78,0,0
19.52943,90.977,6.99,28.36,100.37,374.99,23.74,67.6,1299.0,5.94,235.22,0,1
18.12099,77.44626,1.65,33.54,152.51,180.24,14.99,54.29,2242.74,53.57,347.51,0,1
10.16604,93.31521,6.52,31.72,70.21,270.65,26.33,92.35,2543.88,30.83,172.36,0,1
10.19942,80.51344,6.21,37.72,71.39,364.9,27.0,90.26,1881.96,32.09,223.01,0,0
25.91262,80.68141,21.27,29.54,67.26,172.47,8.86,90.7,2789.96,17.02,275.8,3,1
9.53818,91.43399,8.89,26.17,57.4,200.23,3.1,64.81,2625.18,26.16,254.56,0,1
26.87133,81.38641,2.26,77.12,119.28,230.78,31.46,66.01,1520.46,14.4,220.45,0,0
9.81523,69.47651,13.88,78.0,111.69,282.24,3.34,66.37,460.88,26.53,329.98,0,0
21.19732,81.88159,9.19,52.7,159.17,459.15,1.23,49.65,3795.9,43.35,150.23,0,1
35.88904,73.55764,20.21,29.91,99.33,149.84,25.67,64.31,3561.37,21.41,295.28,1,0
32.51944,74.70711,7.03,59.2,85.01,194.87,26.55,85.78,2581.81,18.53,259.87,0,0
14.99716,80.3805,2.26,48.65,60.69,154.01,6.42,88.1,4161.99,10.4,258.63,0,0
10.18653,93.0399,6.96,37.01,81.02,128.34,10.26,53.32,23.68,14.23,298.79,0,0
13.26034,93.11926,1.24,38.38,72.26,109.95,31.33,74.49,1530.9,52.47,357.69,2,0
16.53714,93.87279,10.96,31.27,101.65,270.36,33.68,53.09,3838.37,35.71,42.59,3,1
11.30711,88.74984,11.04,29.29,103.04,179.9,23.26,75.38,423.29,50.77,100.82,2,1
18.60492,95.32034,15.91,24.41,46.37,275.72,-0.54,51.52,787.59,31.81,132.81,2,0
34.78278,89.94827,6.79,16.17,90.54,195.05,20.33,68.63,2339.69,41.16,263.11,0,0
12.83002,89.78659,0.84,6.92,69.25,304.28,-0.89,45.82,2839.45,15.09,10.05,0,0
35.79145,72.37886,5.6,16.16,32.3,178.48,8.08,40.01,3900.03,20.69,229.57,1,0
13.31932,68.47457,9.86,66.74,87.89,199.96,12.96,65.46,1988.65,43.93,44.62,0,1
10.41014,86.41979,17.59,34.69,125.4,253.3,12.89,71.92,1705.78,53.74,153.32,6,1
18.85132,91.29184,2.38,10.59,126.26,254.1,15.96,41.6,2585.52,23.73,350.46,0,0
11.13582,90.1613,3.87,15.58,73.34,258.3,-0.46,85.42,3493.51,12.84,317.13,3,1
20.24427,78.39072,24.0,51.42,76.98,159.09,14.56,54.64,1940.33,54.19,88.94,1,0
22.07866,84.76877,1.78,17.87,86.77,180.91,19.77,84.89,4150.99,24.9,232.87,2,0
20.56235,93.97737,15.76,20.69,76.91,402.57,7.05,89.67,1331.01,9.61,190.27,0,1
15.23571,93.59009,2.17,31.29,73.35,374.79,24.07,51.85,1833.65,51.12,192.59,0,1
20.00677,79.94596,4.85,37.79,93.53,169.81,-0.96,74.94,2149.52,32.23,258.62,0,1
30.25024,70.22582,12.17,21.02,118.8,351.07,9.66,49.68,598.1,45.38,331.23,0,0
16.79901,83.2755,5.88,22.65,66.49,342.98,4.59,88.09,3277.96,34.33,247.02,0,0
9.61833,86.76106,5.35,42.4,51.09,252.72,19.13,55.02,989.21,28.05,252.48,0,1
21.62848,83.46162,1.61,5.63,61.1,261.4,26.49,44.31,2261.05,10.94,143.94,0,0
27.309,77.8929,16.56,42.29,98.26,258.64,12.42,51.57,1700.86,23.39,238.18,0,0
27.11315,70.4743,15.77,30.13,70.45,370.45,7.14,79.71,653.36,39.21,53.51,0,1
13.55724,93.94433,28.54,44.08,72.44,708.64,0.07,83.42,2541.6,42.23,168.18,3,1
28.2525,87.06427,15.29,56.83,81.44,302.64,2.17,87.77,131.46,28.86,238.01,1,0
20.01131,74.11303,1.92,5.69,53.23,162.55,28.98,75.1,1888.47,24.93,58.85,1,1
31.44405,83.50352,2.91,13.52,17.31,113.68,2.62,63.7,2303.65,22.93,287.52,1,0
26.11687,82.2743,0.19,5.88,59.62,145.19,22.14,39.57,906.26,27.46,117.74,0,1
8.29958,89.05469,3.26,32.33,46.65,269.24,8.62,80.47,2456.13,17.93,96.01,1,1
28.14954,82.32421,8.09,13.21,45.47,263.06,29.8,91.18,1637.44,42.75,128.86,3,1
20.4072,92.10547,6.16,56.06,76.44,241.05,12.19,49.13,2268.09,27.5,271.91,0,0
19.54212,73.34803,17.91,35.13,117.89,151.28,10.11,79.71,822.98,28.19,22.21,0,1
22.40843,71.4585,16.74,38.43,50.78,216.18,0.51,79.55,1100.57,33.94,255.29,4,1
20.93545,69.30408,13.58,25.93,37.13,195.36,1.96,78.61,1602.81,21.66,239.08,3,0
33.40625,95.33933,21.43,33.46,82.96,162.1,20.62,76.35,3052.12,4.21,163.88,0,0
18.87963,77.0752,17.89,27.59,128.86,190.11,18.42,38.14,2920.94,42.99,207.19,0,1
24.40814,73.87377,26.09,34.68,95.89,221.53,12.82,58.78,3300.49,34.11,337.17,0,1
17.28521,92.82161,0.22,11.77,84.02,164.4,21.55,47.51,1205.11,51.76,25.92,1,1
24.68151,88.92829,8.64,42.42,74.32,317.31,22.22,66.6,1897.44,38.34,0.05,0,1
14.22927,86.85008,11.44,36.06,66.43,361.89,4.52,44.71,979.26,31.63,296.6,0,0
13.65803,82.14375,3.48,44.6,136.26,330.6,19.0,48.17,1970.9,37.1,217.5,0,1
31.34819,79.61438,15.24,15.95,47.71,148.31,15.94,43.3,4039.36,30.93,141.77,3,0
30.20976,79.13646,11.16,30.09,83.47,163.67,3.51,74.13,1881.35,33.7,147.97,0,1
18.23076,69.77082,1.62,4.42,58.4,492.03,14.28,64.09,2180.88,23.0,309.98,2,0
15.71236,75.26392,15.8,16.3,97.37,315.95,11.2,40.88,1225.97,18.49,236.08,1,1
28.77352,87.035,0.63,2.98,75.43,357.36,32.45,57.39,2277.86,24.14,289.56,0,1
23.35922,95.0707,0.16,8.19,69.92,231.15,6.68,79.46,2191.91,10.0,126.41,2,0
35.63419,81.32937,13.01,21.8,41.1,141.6,21.47,94.82,2464.96,8.92,44.54,0,0
20.19164,68.0938,26.01,36.59,117.09,354.5,11.52,68.44,1573.82,21.61,76.76,0,1
34.43627,78.78015,39.67,53.92,151.46,320.98,23.14,66.2,1592.23,26.62,214.78,0,0
11.54012,68.24449,12.88,36.19,105.95,314.04,2.88,69.36,3713.06,43.6,257.53,2,1
22.53216,82.17749,5.03,14.63,80.12,144.93,7.12,62.89,3568.31,24.5,235.17,0,0
29.92692,77.62049,6.18,22.05,67.5,271.83,29.51,98.11,566.94,20.6,100.87,0,0
29.3017,71.8699,12.52,53.12,96.71,147.58,17.64,98.75,2743.2,13.56,131.43,3,0
10.68321,77.5233,7.4,30.51,90.51,125.53,27.28,43.92,1809.49,39.44,80.17,1,0
24.4804,75.18884,6.33,24.39,41.16,152.25,22.35,67.22,1840.53,26.99,29.71,1,0
21.0123,93.82589,13.05,40.97,84.79,282.28,6.06,75.64,2549.46,27.88,81.66,0,1
22.07944,86.09986,3.28,57.83,77.54,367.01,25.1,54.14,1861.68,19.79,221.14,3,0
30.88102,78.90965,7.48,10.13,95.18,251.96,4.03,93.51,2667.06,29.17,10.83,0,0
30.26986,81.3716,3.63,87.64,101.36,336.03,25.66,46.9,1240.04,28.12,59.68,1,1
30.31637,70.40657,6.54,46.55,72.17,175.43,14.4,74.68,1617.51,22.23,193.06,0,0
35.28271,83.86113,16.79,48.27,110.94,215.58,32.56,73.72,92.68,33.16,269.59,0,1
35.33814,83.76266,6.87,73.85,117.67,309.08,14.28,46.31,2867.07,21.21,330.65,1,1
28.21941,79.52089,13.75,49.51,78.2,410.48,13.12,89.87,2734.31,25.87,280.8,0,1
9.94638,72.30168,0.63,25.54,95.12,278.12,17.13,41.28,3342.14,34.26,188.62,0,1
31.86874,86.20825,2.13,18.73,44.62,100.89,2.68,89.88,1436.77,26.54,156.77,3,0
27.24783,70.0932,2.12,41.69,62.63,219.55,23.2,89.65,553.74,28.56,330.49,3,1
8.0337,74.52596,5.49,28.5,61.88,328.17,31.99,41.76,1465.03,12.06,299.97,0,0
34.3383,79.07822,19.49,29.43,84.59,184.91,4.0,97.67,1422.36,55.36,191.38,2,1
17.84731,88.01038,4.38,26.96,42.22,151.38,4.25,95.29,4005.84,32.86,162.43,0,1
34.46181,78.44251,9.91,86.84,219.61,414.87,6.57,49.69,4136.75,28.74,332.19,0,1
29.86275,88.24459,15.84,40.91,157.75,398.05,3.56,64.82,1459.25,27.29,140.16,0,1
19.4905,80.77145,9.2,27.05,108.41,236.8,11.83,65.33,778.92,25.94,153.47,0,1
35.1072,79.30553,0.95,8.36,23.51,204.15,25.26,95.48,4175.89,17.93,323.2,0,0
21.52291,79.2851,2.66,27.79,109.07,484.72,4.89,42.0,2112.68,32.73,326.78,0,1
13.34777,94.05071,4.89,7.71,66.83,195.65,5.83,64.83,2141.95,23.42,153.03,5,0
30.67167,95.2186,5.3,38.45,96.48,337.8,-1.65,94.17,2393.64,41.95,2.44,1,1
35.50839,74.2361,14.27,15.98,50.47,104.33,2.81,93.96,2662.08,16.41,142.82,0,0
31.84669,70.33776,14.93,40.23,78.6,214.22,19.3,66.86,1728.33,11.0,188.3,0,0
23.18645,77.25665,3.25,13.45,83.21,121.26,-1.14,44.39,813.58,7.85,115.93,0,0
14.68795,86.85418,11.14,39.04,56.29,138.08,-1.87,71.37,3181.92,25.41,221.94,0,0
8.87873,95.34865,18.05,47.07,83.61,149.86,6.66,96.5,3907.0,7.0,5.03,0,0
27.19643,73.60966,5.82,26.33,36.73,389.1,18.17,87.43,3471.73,46.99,118.57,1,1
24.43431,84.48757,5.81,23.66,80.59,320.92,32.09,46.22,2228.96,40.09,345.79,1,1
24.64136,70.02624,2.2,17.11,88.42,322.07,1.65,46.95,3589.04,38.51,147.6,0,0
34.71471,93.9933,2.65,26.99,80.89,295.49,22.48,91.44,3607.28,45.2,156.02,0,1
8.52334,96.88069,4.18,28.88,94.11,270.32,18.14,41.28,3360.37,25.21,278.72,2,1
20.578,75.97073,21.17,65.8,103.64,229.69,9.98,78.12,3606.24,20.0,37.24,0,1
9.10359,96.2865,13.13,35.49,70.13,202.61,26.18,91.22,2530.45,54.33,246.24,2,1
31.68548,85.06738,1.66,39.84,61.15,82.64,-1.67,41.47,4099.01,31.5,140.43,0,0
35.83409,93.55823,8.89,28.21,48.87,222.8,5.08,74.17,1460.47,18.65,131.64,0,0
25.83627,76.25566,1.13,46.74,71.07,197.44,4.32,94.16,3581.18,20.97,337.17,1,0
15.74015,77.56918,6.49,48.77,113.44,408.43,4.52,53.83,2192.07,27.46,329.71,0,0
10.25246,68.9225,11.18,66.57,181.38,307.64,9.08,93.15,1330.96,53.74,86.19,1,1
14.30676,70.56111,6.5,15.59,101.93,380.66,9.0,81.65,978.41,47.23,352.98,0,1
18.9985,96.26432,10.34,26.23,72.12,133.27,33.8,75.85,1262.08,36.42,300.43,4,0
11.38764,75.76182,10.8,23.7,46.6,144.59,12.16,75.05,906.65,37.56,178.95,1,0
18.79278,81.45428,13.38,15.62,32.1,210.3,31.23,67.14,447.36,4.77,342.38,0,0
21.81353,78.4357,14.89,38.93,85.03,353.9,0.75,69.03,483.3,50.58,162.69,0,1
30.78508,90.34084,9.05,13.69,72.33,133.72,2.06,39.41,2895.04,26.97,112.94,2,0
35.06045,91.86108,7.22,24.22,99.28,172.47,31.2,50.15,2773.76,22.62,194.77,0,1
9.66986,70.50152,5.21,27.71,79.6,159.27,21.54,76.59,2453.4,38.43,190.0,0,0
31.38054,93.09934,0.53,17.5,39.32,219.55,26.55,93.2,635.38,29.99,117.16,0,1
28.74223,77.74083,10.84,31.78,54.26,299.31,0.28,78.82,1353.47,33.25,72.96,2,0
32.13113,90.56409,52.73,66.26,102.61,312.91,25.5,55.14,2741.3,22.64,244.32,0,1
23.99458,78.32632,15.33,53.03,86.36,142.67,8.05,75.47,2174.79,3.87,92.57,2,0
35.12838,86.54744,3.45,14.94,98.35,274.0,11.75,68.36,1158.47,23.38,152.19,2,0
22.22166,80.88692,4.68,57.24,58.21,176.5,11.23,84.1,3161.43,27.81,21.0,0,1
33.00974,88.00426,2.9,22.44,45.18,309.54,12.6,91.82,3284.51,2.44,13.84,1,0
9.61344,72.89864,12.86,25.53,46.28,175.56,2.68,44.22,1661.2,19.91,221.53,0,0
25.58099,77.13488,10.33,23.64,96.83,231.21,30.0,92.95,110.23,29.29,112.76,0,1
14.92175,85.46105,16.3,54.42,64.03,343.35,19.49,49.16,551.74,42.26,324.92,5,1
17.20043,83.07403,5.17,18.05,84.04,305.08,4.12,78.47,4151.21,28.08,251.0,1,0
20.84947,76.17827,4.75,35.03,53.26,418.83,24.91,58.12,76.94,45.65,131.64,2,0
14.34102,89.28103,5.95,39.18,62.22,521.74,11.26,95.03,1663.28,30.07,216.49,0,0
14.18819,83.06805,2.12,31.27,41.7,75.93,9.88,88.97,3396.39,54.28,255.95,0,1
33.24503,81.7421,8.66,43.73,68.16,141.02,-0.98,97.9,1548.33,31.41,56.36,2,0
15.97851,73.71171,17.73,54.27,99.24,263.22,-1.12,62.39,2182.44,39.9,41.08,0,0
28.34041,68.77669,1.3,14.19,97.49,213.7,29.63,81.61,25.09,38.78,173.63,0,1
8.36376,94.02848,2.32,48.57,76.91,129.88,15.87,48.58,1217.69,23.57,335.78,0,0
24.00062,85.91546,12.99,52.87,131.09,240.77,14.53,63.38,4029.37,34.74,270.04,0,1
21.19415,93.96946,7.06,50.93,102.77,222.07,17.24,55.01,2009.28,52.93,45.02,0,1
34.41013,70.38411,1.23,63.19,133.79,362.86,15.83,67.98,3006.95,18.12,60.43,0,0
10.96764,71.36842,2.84,17.98,95.67,148.2,9.99,97.95,1657.48,31.71,288.41,1,0
16.38482,72.09703,21.07,26.18,74.75,189.82,23.22,54.7,2092.34,21.99,36.73,1,0
20.98059,81.64944,17.17,48.69,101.14,200.76,26.57,70.55,56.77,21.53,246.95,0,0
27.34708,68.77484,7.2,9.1,56.95,325.9,28.72,97.42,3957.65,20.79,209.21,2,0
15.95324,85.54748,21.54,40.32,78.55,301.23,18.53,49.29,2979.65,24.8,227.72,1,1
12.32988,94.46882,12.66,45.86,52.96,142.03,9.29,75.25,817.16,37.48,114.02,2,0
18.55324,78.28927,8.54,14.34,61.83,109.89,32.83,50.47,2558.51,22.89,314.37,0,0
11.51815,94.02557,1.01,40.55,60.97,141.3,5.86,96.36,2980.27,31.47,296.3,2,0
31.66792,94.62876,13.49,26.68,58.63,155.54,-1.06,57.61,733.38,32.27,168.8,0,0
33.28589,74.6138,2.52,28.64,88.72,171.01,2.93,41.31,3838.26,22.58,197.66,1,1
22.4047,86.33256,7.3,13.14,50.52,173.92,11.53,67.51,2124.76,46.54,213.99,0,0
27.15195,93.02909,5.65,49.62,140.99,254.04,28.12,63.61,1074.09,14.24,43.55,0,0
9.64052,71.0148,1.82,22.67,91.25,251.42,14.75,79.89,1402.67,32.59,26.88,0,1
15.84721,77.76353,8.87,58.87,68.31,176.45,17.87,52.31,3957.97,32.59,216.21,1,0
32.57009,80.83514,1.04,3.88,103.8,145.82,5.29,88.91,347.91,24.5,82.46,0,1
25.14884,84.328,7.59,12.55,50.88,125.44,4.46,58.6,2329.56,42.13,319.74,1,0
32.82127,92.63312,2.14,23.94,122.04,346.99,0.66,57.63,2780.77,39.89,242.39,1,1
32.94037,77.57896,8.62,29.15,45.72,322.48,5.42,90.79,2791.93,23.07,350.87,2,1
12.10421,72.83153,19.08,35.38,69.32,299.84,2.87,94.14,626.38,10.43,137.16,0,0
27.37675,68.81036,1.01,24.49,215.87,804.85,20.07,75.75,2350.48,25.05,248.25,1,1
21.54749,94.75668,7.44,38.04,77.95,357.01,20.62,78.33,3243.31,31.91,93.62,1,1
26.69518,82.89422,8.54,18.48,120.26,427.27,5.36,54.05,429.76,38.66,347.28,2,1
27.99324,69.23002,7.69,25.27,59.49,319.84,24.82,79.6,3655.54,22.53,290.69,4,0
33.5841,79.34564,1.72,11.39,110.98,251.46,19.95,97.17,1652.84,15.79,216.26,1,1
28.70834,94.08034,3.75,22.27,35.54,334.62,31.51,76.3,1571.36,36.62,27.15,2,0
28.33311,74.81331,19.92,27.32,152.27,322.41,-0.75,90.49,1337.47,26.82,318.74,0,1
12.19687,85.12247,8.59,35.99,97.43,275.39,33.87,53.98,1785.4,47.93,331.74,0,0
10.25533,72.48277,8.54,29.34,32.8,181.63,29.57,50.31,3112.01,43.36,120.65,0,1
19.99084,92.52444,5.66,33.94,59.64,152.82,19.37,42.41,3582.18,42.58,176.82,0,0
34.90403,77.67666,20.2,41.59,58.63,239.52,9.65,58.51,2357.56,18.94,178.56,0,0
11.85939,89.38651,14.25,83.33,152.82,364.0,32.2,54.47,564.19,30.04,329.79,3,1
11.37021,77.20981,1.37,49.5,78.16,309.47,3.86,56.57,1416.52,41.02,212.78,0,0
30.57885,69.98437,6.54,35.45,65.95,110.01,24.68,93.84,3363.49,27.96,100.08,0,1
16.63284,82.37363,14.22,53.16,79.55,543.95,0.87,48.32,1957.14,34.55,45.08,1,1
20.44395,68.18387,12.01,28.94,36.16,158.09,19.7,52.39,3129.53,23.18,347.49,0,0
11.42413,86.70848,1.29,4.36,43.39,334.89,23.03,45.97,2943.57,17.31,149.2,0,0
35.98908,83.03088,16.39,29.96,107.78,175.64,11.28,47.42,1838.67,34.94,85.67,0,1
21.05839,70.56156,2.11,27.48,100.86,312.07,23.08,56.66,3449.55,21.39,86.26,0,1
32.2289,80.74295,11.97,35.98,73.17,414.19,27.46,76.17,212.6,14.98,151.15,0,1
14.11902,96.32213,6.11,16.07,36.14,174.8,8.58,63.67,2141.58,45.71,89.66,4,0
15.87679,77.15199,10.8,24.01,63.92,215.21,5.37,64.78,1237.67,22.7,223.63,2,1
9.28118,70.1937,1.38,29.32,71.42,127.12,-1.28,48.46,620.54,28.14,254.46,0,0
25.12361,90.47047,5.91,23.76,46.9,310.83,9.07,88.51,2906.29,28.58,205.99,0,0
20.22131,70.64195,4.26,17.06,43.22,226.28,10.22,85.55,3535.4,37.56,160.41,0,0
29.90831,77.02757,7.83,47.93,115.59,357.84,0.29,62.18,1107.49,8.86,151.03,1,0
21.20079,83.58437,9.61,22.91,83.38,189.2,3.77,46.71,3755.3,26.7,69.05,0,1
31.40578,80.89818,8.04,41.01,80.43,414.82,29.6,66.45,158.24,21.77,357.02,0,1
34.38544,73.44068,5.56,27.87,98.37,242.64,-0.15,84.68,1898.4,45.74,92.38,2,1
27.98403,91.30098,13.41,37.88,96.5,178.83,19.0,70.15,1879.18,37.55,93.98,0,1
22.69058,75.07755,7.57,12.48,65.81,623.26,27.28,89.78,1665.67,8.66,13.79,2,0
14.91693,80.00223,5.79,48.85,91.87,228.62,15.62,45.83,3517.05,35.4,300.56,1,0
28.34759,94.7325,4.57,6.68,101.21,153.08,24.28,45.29,1045.39,21.99,22.5,0,0
25.08932,86.67157,11.72,23.39,83.34,210.69,13.85,91.05,3004.92,31.51,143.87,0,1
27.77611,96.69044,11.82,15.16,22.84,173.23,21.41,93.39,133.09,11.95,359.03,1,0
21.40594,93.32567,1.08,44.59,72.54,313.85,14.88,38.02,2620.44,34.84,236.38,1,1
19.8364,85.66679,16.39,17.76,53.16,370.43,-0.23,64.65,3794.01,16.27,58.45,1,0
11.7713,81.55395,1.19,30.95,112.05,310.95,8.02,68.63,3154.97,8.28,9.82,2,0
10.17635,74.67814,7.59,24.5,85.89,186.16,4.99,96.64,427.17,33.64,165.34,0,1
15.80004,78.49878,13.95,65.25,84.49,294.7,27.84,80.31,108.98,24.92,131.94,0,1
9.84884,93.78258,12.78,47.46,51.25,106.44,18.74,44.22,3757.43,33.28,9.48,2,0
25.46254,71.63101,2.24,12.66,33.53,185.46,13.52,75.9,2171.36,25.65,151.1,2,1
34.18469,73.53322,2.8,35.63,77.7,218.08,6.67,56.6,1462.05,40.96,133.56,0,0
32.70235,87.23374,0.85,11.4,77.51,214.54,-1.01,47.79,798.88,38.03,17.4,2,1
20.231,78.29004,25.47,50.14,70.57,440.87,0.53,52.69,2841.25,21.71,355.33,0,0
12.12682,73.87488,5.15,37.92,117.93,289.89,9.47,62.42,1051.48,38.17,197.22,1,1
33.92556,73.23905,6.0,36.46,53.18,406.06,1.1,88.4,529.71,20.05,150.61,0,0
32.81668,82.5408,5.26,19.71,48.79,285.6,14.98,67.78,1045.9,29.94,270.29,0,1
23.31544,70.87207,26.23,36.18,85.26,123.48,0.99,66.28,2085.57,24.69,255.84,0,1
16.62815,91.8414,1.61,25.58,36.33,227.06,22.94,86.8,4101.61,26.56,161.14,0,1
18.60554,94.69945,2.25,35.83,129.19,308.23,31.89,79.38,2445.17,32.78,332.32,0,1
17.06449,89.36058,9.32,23.62,47.71,97.7,29.29,83.77,4047.06,27.16,234.45,3,0
33.68229,78.78526,12.18,28.64,89.38,533.84,13.31,54.68,532.89,43.07,311.27,1,1
23.06416,75.52296,0.18,49.74,79.02,226.42,1.17,45.92,428.19,21.89,40.42,0,0
14.61817,92.35124,18.8,32.01,42.59,417.11,30.28,58.03,1841.01,44.98,231.24,3,1
9.87806,84.8057,19.74,37.98,110.36,410.13,4.06,71.59,3510.58,49.28,215.31,0,1
12.80263,96.58477,21.72,42.75,132.93,193.88,5.4,54.9,2377.53,32.88,288.35,0,0
22.75892,74.47287,12.77,20.33,106.19,296.22,2.46,91.73,2493.01,4.51,316.3,1,0
12.47323,72.99051,5.47,15.13,67.73,362.86,1.95,40.45,1290.19,14.43,111.64,0,0
33.66793,86.51202,7.78,24.57,73.51,312.59,3.66,90.7,2721.27,29.07,166.91,1,1
10.66875,94.71565,4.42,12.74,47.67,185.3,18.65,86.72,488.46,28.05,98.61,2,0
32.48912,83.95666,2.18,4.44,18.1,327.96,17.58,50.73,4003.02,25.45,76.78,2,0
26.27856,84.57079,4.75,44.84,78.83,146.15,20.31,67.64,3494.89,28.42,294.8,2,1
9.324,87.17117,24.3,51.49,68.72,162.33,26.13,75.87,2176.54,32.41,280.7,1,0
30.57435,95.35083,5.93,16.18,42.99,282.97,32.11,52.58,1006.96,14.98,289.05,1,0
23.79284,68.11344,9.56,14.89,52.45,254.04,32.27,44.32,939.88,48.61,160.45,1,1
20.54627,77.41971,5.25,22.01,125.88,223.87,1.29,57.82,1495.0,13.73,301.39,0,1
25.21245,68.81037,1.83,22.8,49.38,117.33,4.0,48.55,2077.61,37.2,317.93,0,0
25.56094,88.65852,14.28,33.68,63.31,165.21,33.65,63.03,319.14,27.83,260.8,0,0
25.38117,71.92617,0.23,5.07,37.7,173.08,11.63,43.49,1695.44,18.61,215.8,2,0
34.94139,86.64104,13.48,55.19,85.51,171.77,25.07,49.83,371.8,34.37,158.12,2,0
25.08743,87.19523,15.18,30.74,76.73,166.98,23.69,64.92,1513.12,32.64,42.66,2,0
29.67678,69.9499,9.83,26.51,174.75,368.05,30.36,96.48,1761.35,38.38,285.4,0,1
28.55082,82.58225,6.69,20.83,68.65,319.68,10.38,66.28,3158.57,32.67,204.54,3,1
32.16793,88.07965,4.02,15.45,120.7,293.24,15.88,57.81,481.86,29.29,149.89,1,1
12.95996,70.244,2.5,3.85,93.33,187.26,32.72,93.12,637.35,23.39,175.54,0,1
16.96286,91.70701,19.94,35.57,193.99,406.51,27.47,73.65,1402.84,42.1,21.26,1,1
25.34961,82.39544,29.04,67.02,106.41,215.79,27.53,52.18,1036.59,32.37,58.89,0,1
21.09058,80.25713,1.18,55.88,189.83,398.16,3.82,68.59,2319.44,22.28,91.98,2,1
32.87527,86.36108,5.17,13.44,21.94,91.59,25.67,89.62,2694.75,25.16,123.51,0,0
18.85459,89.80807,2.62,18.09,66.88,150.63,5.86,66.77,2591.56,25.36,128.1,0,0
16.55031,84.7087,9.65,20.23,88.33,199.79,22.69,81.94,1432.92,39.37,322.89,2,1
35.52668,92.3005,14.81,38.47,54.7,292.42,15.38,46.24,1019.19,48.65,350.26,1,1
29.82383,69.23877,17.16,27.74,136.6,440.81,13.18,81.56,254.76,33.02,87.27,0,1
19.12299,96.21059,7.21,30.72,48.2,488.72,8.32,88.47,3695.69,46.14,339.38,1,0
23.65617,69.36359,38.9,55.41,159.75,257.82,14.52,41.25,49.92,49.92,75.03,1,1
24.34254,86.58495,2.43,14.18,61.69,165.14,28.83,43.03,51.44,25.97,274.67,0,0
19.14308,76.85288,4.37,9.32,82.21,116.73,18.92,65.33,1252.08,25.87,0.97,0,0
12.91293,90.12021,7.06,18.69,81.03,143.05,13.08,54.01,3270.38,42.45,5.1,4,0
23.08428,75.72599,14.39,19.58,188.08,475.99,24.6,43.37,4103.46,35.19,340.79,0,1
17.11657,96.67536,10.28,24.75,69.49,224.45,17.95,44.19,3852.64,17.06,98.99,1,0
8.15843,71.98912,13.76,28.64,189.21,291.28,2.55,49.2,416.07,47.57,320.91,1,1
19.75349,71.76026,5.87,10.64,53.16,198.73,8.71,63.22,3296.34,35.35,286.89,2,0
31.49806,90.04525,9.05,48.29,87.58,419.47,-1.86,66.78,767.11,28.25,6.01,0,1
21.39735,92.61629,17.26,51.05,148.1,319.24,5.04,84.7,4062.57,8.1,195.73,0,0
9.94328,70.72342,5.37,32.54,104.19,183.43,22.13,78.39,4089.34,13.96,24.01,0,0
19.53769,80.1623,3.21,47.65,75.28,166.73,24.58,84.59,1308.34,37.24,314.56,0,0
19.18885,86.25602,0.69,18.28,30.15,219.31,14.28,52.59,1227.69,30.57,226.63,1,1
10.93805,82.83073,12.22,53.11,82.26,244.25,33.78,88.58,185.42,22.69,40.91,0,0
28.81883,93.59812,1.21,15.84,128.14,200.38,5.84,46.26,3645.43,25.25,207.76,2,0
23.99139,93.66274,1.16,34.07,49.63,187.08,4.47,88.77,1487.54,53.56,98.77,0,1
33.23845,76.36147,13.94,35.91,67.35,200.06,24.98,49.45,1438.18,36.77,69.3,0,0
19.76758,79.64038,0.79,30.0,45.01,260.26,11.64,91.96,4086.36,42.03,189.17,5,1
17.00637,82.73061,7.68,11.21,38.05,47.24,29.56,45.82,4030.06,32.17,192.28,0,0
11.38368,93.43602,6.21,16.91,172.41,500.93,5.52,63.82,3138.11,26.13,166.7,1,1
15.97348,82.88727,5.16,29.15,92.23,306.02,26.5,98.81,766.39,39.47,42.66,0,1
8.29912,90.16592,11.63,33.97,70.95,324.53,23.58,84.11,3517.89,27.19,262.98,1,1
33.32348,93.70403,2.61,18.83,52.22,318.92,17.42,52.64,3055.1,41.1,158.62,1,1
29.59421,81.32797,7.49,21.31,70.37,494.21,20.52,92.38,3427.35,18.0,242.23,0,1
11.15762,89.67973,6.23,22.32,103.47,351.03,24.4,91.85,4009.06,8.72,100.85,2,1
26.24963,74.42745,18.45,32.52,63.86,212.88,26.3,69.84,313.73,44.08,119.0,0,1
16.7861,91.77491,3.12,49.28,90.09,213.12,21.65,61.1,3867.97,36.66,129.43,4,1
21.72391,75.81757,7.3,20.35,44.29,129.22,15.45,46.99,3870.16,34.16,353.81,0,0
30.33629,72.17358,5.51,38.66,46.22,170.61,20.41,45.07,1297.49,21.32,318.86,0,0
14.88298,79.50985,1.46,34.67,81.64,399.86,-1.9,46.18,257.62,13.77,331.75,1,0
14.57158,83.41612,12.24,38.61,129.14,227.45,11.34,78.52,2380.48,23.69,338.99,4,1
10.14578,88.95624,6.46,12.39,53.26,202.24,19.83,72.06,750.33,29.63,171.78,0,1
9.00989,74.51834,0.31,13.64,95.48,213.52,2.97,55.75,886.74,20.11,68.4,3,1
34.08869,93.73733,9.43,12.16,75.24,384.06,4.95,63.49,4144.71,26.09,10.12,3,1
8.63063,76.74495,4.12,15.64,93.9,317.86,20.5,49.69,4149.21,46.5,22.24,0,1
10.11038,88.60954,3.27,23.26,61.81,382.9,24.97,46.5,3207.73,9.03,106.12,0,0
33.73708,87.80329,7.57,83.23,121.29,266.2,5.03,72.88,2206.57,22.89,18.18,0,1
20.93791,90.15852,25.84,53.05,129.61,260.83,25.17,47.09,2687.97,33.69,211.99,1,1
19.78006,70.83326,2.32,18.02,63.43,212.0,29.82,93.29,4145.41,18.24,95.61,1,0
10.02283,84.42966,4.87,11.27,25.09,179.74,11.43,70.66,2352.48,28.15,350.44,0,1
27.62762,71.96638,7.06,35.81,72.05,168.44,27.97,95.99,3576.6,31.6,205.26,1,0
22.64206,85.45731,9.87,78.27,109.44,136.09,18.01,90.25,1419.6,43.6,77.4,1,1
23.74332,90.28148,8.35,35.33,50.13,91.83,27.5,79.24,2999.99,25.28,159.16,0,0
11.12138,80.58831,5.68,21.86,61.08,384.6,32.65,49.58,2515.35,32.83,333.76,0,1
28.30925,90.05534,2.72,8.83,42.45,148.29,33.63,74.85,4170.61,24.78,173.55,1,0
24.48099,88.63945,16.62,52.95,62.48,225.5,15.77,69.54,2126.83,41.9,326.52,1,1
16.76828,81.57209,17.67,22.46,46.37,129.9,3.66,96.02,579.44,46.83,137.48,3,1
21.96062,81.5221,1.06,25.39,153.64,598.44,31.24,48.81,3345.63,40.35,225.09,0,1
8.47017,78.88731,0.26,4.19,15.14,126.73,32.64,56.95,695.97,18.52,182.69,0,0
23.17278,83.70369,14.68,25.31,37.7,225.69,23.04,41.65,2429.83,32.37,71.71,3,1
13.18094,88.66644,2.29,8.59,147.99,282.99,29.64,53.63,2050.03,34.65,203.89,3,1
21.02526,83.83311,3.96,52.35,138.63,171.34,11.86,94.23,369.6,40.2,231.1,3,0
28.07104,76.32417,2.19,13.16,41.32,230.07,16.15,75.29,1295.61,15.6,335.55,0,0
32.5781,87.16924,0.95,30.16,102.49,235.47,13.42,41.89,2757.42,13.42,357.5,1,0
14.99431,93.13183,2.83,21.06,38.96,117.37,0.76,84.73,2839.78,31.69,10.7,1,0
25.0564,72.71533,6.46,33.23,35.49,128.16,4.96,50.74,2764.14,26.67,14.59,0,0
12.05599,71.08312,3.99,13.24,91.74,261.47,-1.89,55.23,2573.83,35.19,21.97,1,1
10.21825,87.38418,9.85,18.35,36.5,326.67,14.01,77.89,2242.81,15.59,15.08,1,1
28.03,96.46201,1.61,14.82,67.49,216.29,13.58,58.93,1430.2,34.83,114.57,1,0
12.7326,70.04749,19.61,42.8,63.94,260.77,32.11,67.35,542.45,38.72,189.4,0,1
8.64045,78.81016,2.89,36.67,189.83,240.35,3.16,70.64,2934.66,29.79,179.46,0,1
13.64856,68.20543,0.48,27.75,64.38,101.03,21.37,81.53,3356.76,47.76,148.03,0,1
18.18704,75.8928,12.62,57.75,77.97,357.0,6.88,38.01,3624.51,26.49,65.64,1,1
9.80886,79.07096,11.48,23.15,29.23,138.82,20.84,67.98,576.25,37.11,11.86,1,0
21.42823,85.70444,10.66,16.23,23.6,174.02,10.87,51.07,635.45,32.15,221.42,2,0
12.79348,96.87725,28.94,41.48,141.97,316.83,8.26,95.12,3833.41,14.33,357.97,0,0
16.78222,81.89099,2.62,20.71,66.88,212.69,19.88,84.95,4071.86,31.02,210.25,0,1
29.80406,84.70045,1.98,8.47,25.29,83.07,10.63,98.14,443.44,49.29,293.26,0,1
10.42371,92.83622,8.37,26.11,29.75,165.93,15.78,58.93,2800.13,17.42,321.22,3,1
24.81935,88.22314,2.0,13.18,90.56,186.73,31.93,71.75,508.34,40.82,198.38,0,1
10.86236,95.15284,18.33,19.28,67.39,272.59,10.9,81.11,3693.05,47.51,271.28,0,1
26.02467,81.72591,2.84,79.97,104.49,177.49,17.33,38.39,2576.61,50.78,162.29,2,1
20.73481,75.93605,15.88,46.07,119.43,194.05,29.08,83.9,1182.04,44.33,242.17,6,1
22.14484,91.18471,22.97,33.2,109.9,264.38,29.05,74.65,501.96,23.11,67.35,0,1
29.53765,88.83788,5.39,14.94,25.34,123.88,12.1,55.24,3421.81,10.33,251.35,0,0
10.32202,92.44792,0.2,41.35,89.06,265.83,13.24,72.04,1935.47,17.52,108.74,1,0
31.22149,76.02152,17.13,25.2,64.68,94.45,15.95,69.6,1754.97,36.13,98.47,0,0
34.90555,86.46036,1.81,3.77,59.52,183.91,12.0,64.52,4112.92,32.18,151.79,0,0
15.9677,80.85447,1.37,18.25,29.67,211.82,26.72,91.79,3468.3,34.37,248.74,1,0
13.71991,92.56138,1.58,33.89,70.53,197.98,15.42,69.05,2048.67,26.35,356.66,0,0
17.10367,83.9623,11.42,24.03,55.72,180.53,0.29,49.99,3738.11,28.66,285.37,5,1
22.27544,91.23053,5.65,44.74,60.66,305.32,10.61,72.74,188.19,22.23,107.67,0,1
11.02335,96.6608,12.87,58.37,89.64,192.23,29.71,57.57,2894.92,28.14,225.28,0,0
32.47803,85.55284,24.86,55.67,113.15,332.09,4.77,83.63,4093.92,50.67,60.08,3,1
31.03844,91.06899,21.63,36.28,64.15,300.58,30.92,65.99,1479.18,25.09,79.95,2,0
14.47979,88.00668,9.56,30.91,63.61,241.71,16.0,77.15,889.85,32.08,68.65,0,0
17.97987,80.80822,2.94,41.33,96.52,275.26,11.11,90.37,449.64,30.46,69.72,1,0
